{
    "loss": [
        1.8407163619995117,
        1.4197334051132202,
        1.1831481456756592,
        1.0125242471694946,
        0.9039792418479919,
        0.8439235091209412,
        0.7826068997383118,
        0.7288263440132141,
        0.6862220168113708,
        0.6432945132255554,
        0.6060470938682556,
        0.5700562000274658,
        0.5399839282035828,
        0.5152757167816162,
        0.48819631338119507,
        0.4632181227207184,
        0.44666919112205505,
        0.41526803374290466,
        0.39979562163352966,
        0.3820580542087555,
        0.36570221185684204,
        0.34080958366394043,
        0.3281906247138977,
        0.3169859051704407,
        0.2935278117656708,
        0.2852652668952942,
        0.269784539937973,
        0.25493183732032776,
        0.24681635200977325,
        0.23152358829975128,
        0.22443263232707977,
        0.21473328769207,
        0.20203045010566711,
        0.19157055020332336,
        0.17843182384967804,
        0.17051291465759277,
        0.16888748109340668,
        0.15723802149295807,
        0.1476890742778778,
        0.14400269091129303,
        0.13897210359573364,
        0.13244983553886414,
        0.12808531522750854,
        0.11840974539518356,
        0.1144528016448021,
        0.11320401728153229,
        0.10600067675113678,
        0.10221892595291138,
        0.09773010015487671,
        0.0972512811422348
    ],
    "accuracy": [
        0.31613999605178833,
        0.4849199950695038,
        0.5749199986457825,
        0.6369199752807617,
        0.6784999966621399,
        0.7026000022888184,
        0.7301999926567078,
        0.7481399774551392,
        0.7628999948501587,
        0.7793599963188171,
        0.7916799783706665,
        0.8047400116920471,
        0.8142399787902832,
        0.8246200084686279,
        0.834879994392395,
        0.8436200022697449,
        0.8474400043487549,
        0.859499990940094,
        0.8633400201797485,
        0.8698599934577942,
        0.8748000264167786,
        0.8845400214195251,
        0.8886200189590454,
        0.8917999863624573,
        0.899940013885498,
        0.9021999835968018,
        0.9079999923706055,
        0.9139000177383423,
        0.9153000116348267,
        0.921180009841919,
        0.9222800135612488,
        0.9254000186920166,
        0.9298400282859802,
        0.9337999820709229,
        0.9385799765586853,
        0.9412599802017212,
        0.9424999952316284,
        0.9450600147247314,
        0.9486600160598755,
        0.9503399729728699,
        0.9515399932861328,
        0.9537799954414368,
        0.9556599855422974,
        0.9595199823379517,
        0.9594399929046631,
        0.9606599807739258,
        0.96315997838974,
        0.9647600054740906,
        0.9662600159645081,
        0.9666200280189514
    ],
    "val_loss": [
        3.8620870113372803,
        2.1945037841796875,
        1.4988667964935303,
        1.359753131866455,
        1.071776032447815,
        1.0192841291427612,
        0.910101056098938,
        0.8421611189842224,
        0.8099325895309448,
        0.7445001602172852,
        0.5979623794555664,
        0.6278601288795471,
        0.6565889120101929,
        0.6627292037010193,
        0.5811254978179932,
        0.5267746448516846,
        0.5138311386108398,
        0.5327906012535095,
        0.48020023107528687,
        0.4993974268436432,
        0.5244243144989014,
        0.5043715238571167,
        0.5537394285202026,
        0.45981454849243164,
        0.47070229053497314,
        0.44705140590667725,
        0.508334219455719,
        0.44135645031929016,
        0.4373859763145447,
        0.49766209721565247,
        0.4524777829647064,
        0.47021937370300293,
        0.4184033274650574,
        0.39784249663352966,
        0.43215420842170715,
        0.4450640082359314,
        0.436631977558136,
        0.4526787996292114,
        0.4316929578781128,
        0.4576619267463684,
        0.4397965371608734,
        0.5289627313613892,
        0.44965434074401855,
        0.4256434142589569,
        0.4340595304965973,
        0.4734981060028076,
        0.47976982593536377,
        0.4663693308830261,
        0.5164628028869629,
        0.47220751643180847
    ],
    "val_accuracy": [
        0.19699999690055847,
        0.44200000166893005,
        0.522599995136261,
        0.6140999794006348,
        0.6729000210762024,
        0.6944000124931335,
        0.7203999757766724,
        0.7336000204086304,
        0.7473999857902527,
        0.7694000005722046,
        0.8032000064849854,
        0.7998999953269958,
        0.7954000234603882,
        0.7994999885559082,
        0.8220000267028809,
        0.8317000269889832,
        0.8324999809265137,
        0.8349999785423279,
        0.8450000286102295,
        0.8483999967575073,
        0.8393999934196472,
        0.847100019454956,
        0.8353999853134155,
        0.8586999773979187,
        0.8597999811172485,
        0.8654999732971191,
        0.8532000184059143,
        0.8614000082015991,
        0.8683000206947327,
        0.8592000007629395,
        0.8705000281333923,
        0.8654000163078308,
        0.8790000081062317,
        0.8833000063896179,
        0.8787000179290771,
        0.8738999962806702,
        0.8783000111579895,
        0.8738999962806702,
        0.8777999877929688,
        0.8727999925613403,
        0.8830000162124634,
        0.8647000193595886,
        0.8827999830245972,
        0.8845999836921692,
        0.8837000131607056,
        0.8834999799728394,
        0.8809000253677368,
        0.8838000297546387,
        0.8808000087738037,
        0.8815000057220459
    ]
}