{
    "loss": [
        1.6443687677383423,
        1.181069016456604,
        0.9400832056999207,
        0.7895892858505249,
        0.6890451312065125,
        0.6086398363113403,
        0.5526286363601685,
        0.5003407597541809,
        0.4557940363883972,
        0.41785845160484314,
        0.3936394453048706,
        0.3599341809749603,
        0.33116957545280457,
        0.30185019969940186,
        0.2843876779079437,
        0.2599276006221771,
        0.23532888293266296,
        0.21896083652973175,
        0.20213493704795837,
        0.19282305240631104,
        0.17568235099315643,
        0.1639566868543625,
        0.15033599734306335,
        0.14686067402362823,
        0.12677235901355743,
        0.11981678754091263,
        0.11775133013725281,
        0.10843480378389359,
        0.10015809535980225,
        0.09726884961128235,
        0.09556306898593903,
        0.08634686470031738,
        0.08270499855279922,
        0.08182843029499054,
        0.07452403008937836,
        0.07459991425275803,
        0.07261347770690918,
        0.0675264522433281,
        0.0695544183254242,
        0.06358526647090912,
        0.06090157851576805,
        0.0571005679666996,
        0.05874327942728996,
        0.05484166368842125,
        0.057088933885097504,
        0.051283106207847595,
        0.04752723500132561,
        0.053069159388542175,
        0.047690678387880325,
        0.04573233798146248
    ],
    "accuracy": [
        0.4090000092983246,
        0.5817999839782715,
        0.6700400114059448,
        0.7276600003242493,
        0.7635599970817566,
        0.7921800017356873,
        0.8115800023078918,
        0.8317800164222717,
        0.8440799713134766,
        0.8571000099182129,
        0.8646799921989441,
        0.8764200210571289,
        0.8871999979019165,
        0.8968200087547302,
        0.9019200205802917,
        0.9098399877548218,
        0.917460024356842,
        0.9245799779891968,
        0.930679976940155,
        0.9320600032806396,
        0.9393600225448608,
        0.9427400231361389,
        0.9489799737930298,
        0.9484599828720093,
        0.9559599757194519,
        0.9586799740791321,
        0.9601399898529053,
        0.9631199836730957,
        0.9656599760055542,
        0.9666799902915955,
        0.9673799872398376,
        0.9696000218391418,
        0.9717400074005127,
        0.971560001373291,
        0.974839985370636,
        0.9743800163269043,
        0.9753599762916565,
        0.9766600131988525,
        0.9760599732398987,
        0.9781399965286255,
        0.9788200259208679,
        0.9804800152778625,
        0.9805600047111511,
        0.9814599752426147,
        0.9806399941444397,
        0.9831399917602539,
        0.9843000173568726,
        0.9823799729347229,
        0.983959972858429,
        0.9847400188446045
    ],
    "val_loss": [
        7.159768581390381,
        1.5242717266082764,
        1.3834809064865112,
        1.0974880456924438,
        0.8923392295837402,
        0.7110673189163208,
        0.7220157980918884,
        0.6783133149147034,
        0.6747152209281921,
        0.5592569708824158,
        0.572401762008667,
        0.5300590395927429,
        0.5090557932853699,
        0.5577840209007263,
        0.5757800340652466,
        0.5169996023178101,
        0.5109429955482483,
        0.5104426741600037,
        0.5319305658340454,
        0.5129237771034241,
        0.5478788018226624,
        0.6448578834533691,
        0.5245716571807861,
        0.4892728626728058,
        0.5274332761764526,
        0.5052509307861328,
        0.5152075886726379,
        0.5681201219558716,
        0.5710127353668213,
        0.5674296617507935,
        0.5941996574401855,
        0.5787111520767212,
        0.5898927450180054,
        0.5293488502502441,
        0.6113702058792114,
        0.6082646250724792,
        0.5691307783126831,
        0.6037412881851196,
        0.5695356130599976,
        0.5664607882499695,
        0.5896307826042175,
        0.6547020673751831,
        0.6044270396232605,
        0.6383116841316223,
        0.6219019293785095,
        0.6062817573547363,
        0.645417332649231,
        0.5754522681236267,
        0.5685952305793762,
        0.5907237529754639
    ],
    "val_accuracy": [
        0.21940000355243683,
        0.553600013256073,
        0.6171000003814697,
        0.6743999719619751,
        0.7200000286102295,
        0.7684999704360962,
        0.7728000283241272,
        0.7883999943733215,
        0.7893000245094299,
        0.8242999911308289,
        0.8222000002861023,
        0.8303999900817871,
        0.8425999879837036,
        0.8320000171661377,
        0.8274000287055969,
        0.8489000201225281,
        0.849399983882904,
        0.8460999727249146,
        0.849399983882904,
        0.8565000295639038,
        0.8537999987602234,
        0.8259000182151794,
        0.8632000088691711,
        0.867900013923645,
        0.8621000051498413,
        0.8697999715805054,
        0.8672999739646912,
        0.8604000210762024,
        0.858299970626831,
        0.8593000173568726,
        0.8532000184059143,
        0.8611999750137329,
        0.8605999946594238,
        0.8689000010490417,
        0.859499990940094,
        0.8604000210762024,
        0.8691999912261963,
        0.8629999756813049,
        0.8720999956130981,
        0.8751000165939331,
        0.8705999851226807,
        0.8629999756813049,
        0.8697999715805054,
        0.8668000102043152,
        0.8655999898910522,
        0.8773000240325928,
        0.8665000200271606,
        0.8751999735832214,
        0.8769999742507935,
        0.8727999925613403
    ]
}