{
    "loss": [
        1.6739771366119385,
        1.2372503280639648,
        1.034023404121399,
        0.9257006049156189,
        0.853013813495636,
        0.793358564376831,
        0.7310693264007568,
        0.687110960483551,
        0.6535304188728333,
        0.6196711659431458,
        0.5857182145118713,
        0.5508140921592712,
        0.5262637138366699,
        0.5042780041694641,
        0.4846709370613098,
        0.4577123522758484,
        0.4419434070587158,
        0.4186098575592041,
        0.39709070324897766,
        0.37737926840782166,
        0.3659367263317108,
        0.3481965959072113,
        0.3348102271556854,
        0.3213903605937958,
        0.3065877854824066,
        0.29056522250175476,
        0.2833169400691986,
        0.26919040083885193,
        0.25442075729370117,
        0.24694570899009705,
        0.23279087245464325,
        0.22041535377502441,
        0.21397393941879272,
        0.203419029712677,
        0.18995323777198792,
        0.18564386665821075,
        0.1740991473197937,
        0.16602103412151337,
        0.1593788117170334,
        0.1501474827528,
        0.14699870347976685,
        0.14156536757946014,
        0.13577646017074585,
        0.12793004512786865,
        0.12418898195028305,
        0.11865610629320145,
        0.10856136679649353,
        0.10841166973114014,
        0.0992843359708786,
        0.10307765007019043
    ],
    "accuracy": [
        0.38637998700141907,
        0.5576599836349487,
        0.6322000026702881,
        0.6743599772453308,
        0.7010400295257568,
        0.7242599725723267,
        0.747439980506897,
        0.7640399932861328,
        0.7756199836730957,
        0.7872400283813477,
        0.799019992351532,
        0.8120800256729126,
        0.8218399882316589,
        0.82805997133255,
        0.8361999988555908,
        0.8433399796485901,
        0.8484600186347961,
        0.8570600152015686,
        0.8648399710655212,
        0.8696200251579285,
        0.8759199976921082,
        0.8813199996948242,
        0.8853600025177002,
        0.8886799812316895,
        0.8963800072669983,
        0.9003400206565857,
        0.9016000032424927,
        0.9077799916267395,
        0.9121400117874146,
        0.9147400259971619,
        0.9193000197410583,
        0.9242200255393982,
        0.9267200231552124,
        0.9300199747085571,
        0.9342600107192993,
        0.9345800280570984,
        0.9381800293922424,
        0.942300021648407,
        0.9454799890518188,
        0.9474999904632568,
        0.9484400153160095,
        0.9501199722290039,
        0.9523400068283081,
        0.9549999833106995,
        0.957040011882782,
        0.9587000012397766,
        0.9625200033187866,
        0.9623600244522095,
        0.9654600024223328,
        0.9645599722862244
    ],
    "val_loss": [
        2.0369198322296143,
        4.506700038909912,
        1.6553184986114502,
        1.2692830562591553,
        0.9117426872253418,
        0.9429845809936523,
        0.7780736684799194,
        0.678100049495697,
        0.7107401490211487,
        0.6964277625083923,
        0.585121750831604,
        0.6816156506538391,
        0.6190672516822815,
        0.5926432609558105,
        0.5313566327095032,
        0.5428981184959412,
        0.4895116686820984,
        0.5061367154121399,
        0.5023890733718872,
        0.4597316384315491,
        0.43640434741973877,
        0.4620437026023865,
        0.46702486276626587,
        0.4615916609764099,
        0.4472660720348358,
        0.41188153624534607,
        0.41650259494781494,
        0.42353880405426025,
        0.42486509680747986,
        0.43286409974098206,
        0.43432340025901794,
        0.42096468806266785,
        0.4381060004234314,
        0.41892221570014954,
        0.4644218683242798,
        0.4361982047557831,
        0.4050978720188141,
        0.45780426263809204,
        0.43594491481781006,
        0.41265225410461426,
        0.4297668933868408,
        0.4586930274963379,
        0.4209752082824707,
        0.44288814067840576,
        0.4650370478630066,
        0.45000454783439636,
        0.4602450728416443,
        0.4522750973701477,
        0.47286713123321533,
        0.5234408974647522
    ],
    "val_accuracy": [
        0.4196000099182129,
        0.2928999960422516,
        0.5684000253677368,
        0.6401000022888184,
        0.7149999737739563,
        0.7092999815940857,
        0.7547000050544739,
        0.781499981880188,
        0.7706000208854675,
        0.7864000201225281,
        0.8108000159263611,
        0.7853000164031982,
        0.8034999966621399,
        0.8148000240325928,
        0.8337000012397766,
        0.8269000053405762,
        0.8396999835968018,
        0.8393999934196472,
        0.838100016117096,
        0.8500000238418579,
        0.8593000173568726,
        0.8561000227928162,
        0.8529000282287598,
        0.8562999963760376,
        0.8590999841690063,
        0.8665000200271606,
        0.8715999722480774,
        0.870199978351593,
        0.8698999881744385,
        0.8669999837875366,
        0.8697999715805054,
        0.878600001335144,
        0.8743000030517578,
        0.8745999932289124,
        0.8682000041007996,
        0.8738999962806702,
        0.8845000267028809,
        0.8736000061035156,
        0.8758999705314636,
        0.8834999799728394,
        0.8788999915122986,
        0.8777999877929688,
        0.8855999708175659,
        0.8823999762535095,
        0.8765000104904175,
        0.883899986743927,
        0.8791000247001648,
        0.8849999904632568,
        0.8852999806404114,
        0.8726000189781189
    ]
}