{
    "loss": [
        2.0334312915802,
        1.6574532985687256,
        1.40908682346344,
        1.2233123779296875,
        1.0829212665557861,
        0.9778133630752563,
        0.9006915092468262,
        0.8494011759757996,
        0.7890245318412781,
        0.7427180409431458,
        0.6986545324325562,
        0.6511669754981995,
        0.6156657934188843,
        0.5902590751647949,
        0.5541778802871704,
        0.5265182852745056,
        0.5016107559204102,
        0.47060254216194153,
        0.4493666887283325,
        0.42953476309776306,
        0.40700584650039673,
        0.3912677764892578,
        0.36949050426483154,
        0.3477584421634674,
        0.33639514446258545,
        0.31888723373413086,
        0.2994443476200104,
        0.2826010286808014,
        0.27531006932258606,
        0.2618955969810486,
        0.248264878988266,
        0.2333677113056183,
        0.22410187125205994,
        0.20801536738872528,
        0.19839167594909668,
        0.19181933999061584,
        0.18127822875976562,
        0.17609749734401703,
        0.16895325481891632,
        0.15927986800670624,
        0.15182887017726898,
        0.14233878254890442,
        0.13893920183181763,
        0.13253895938396454,
        0.12750110030174255,
        0.11681858450174332,
        0.11233458667993546,
        0.11075250059366226,
        0.10433056950569153,
        0.10236867517232895
    ],
    "accuracy": [
        0.23615999519824982,
        0.37887999415397644,
        0.4794999957084656,
        0.5582799911499023,
        0.6110600233078003,
        0.6525599956512451,
        0.6794999837875366,
        0.7008799910545349,
        0.7245000004768372,
        0.7414000034332275,
        0.7575600147247314,
        0.7765200138092041,
        0.7880399823188782,
        0.7952200174331665,
        0.809939980506897,
        0.8184599876403809,
        0.8269000053405762,
        0.8390600085258484,
        0.8438400030136108,
        0.8533599972724915,
        0.8600800037384033,
        0.8650400042533875,
        0.8727399706840515,
        0.8801400065422058,
        0.8845599889755249,
        0.8913999795913696,
        0.8970000147819519,
        0.9024999737739563,
        0.9052799940109253,
        0.9104800224304199,
        0.9138000011444092,
        0.9181200265884399,
        0.9220399856567383,
        0.9281200170516968,
        0.9322599768638611,
        0.9337199926376343,
        0.9359599947929382,
        0.9403799772262573,
        0.9412999749183655,
        0.9446799755096436,
        0.9475799798965454,
        0.9510800242424011,
        0.9519199728965759,
        0.9543799757957458,
        0.955299973487854,
        0.9586399793624878,
        0.9608399868011475,
        0.960919976234436,
        0.9643800258636475,
        0.9634400010108948
    ],
    "val_loss": [
        6.162486553192139,
        2.700873613357544,
        2.222353458404541,
        1.450130820274353,
        1.5184741020202637,
        1.0447146892547607,
        1.036749005317688,
        1.008463978767395,
        0.8599126935005188,
        0.933826744556427,
        0.8173869848251343,
        0.7100712656974792,
        0.679046630859375,
        0.6162710189819336,
        0.6147518157958984,
        0.5601593255996704,
        0.6144875288009644,
        0.6269034743309021,
        0.5782920718193054,
        0.5815441608428955,
        0.5683622360229492,
        0.5567989945411682,
        0.5244736075401306,
        0.4895106554031372,
        0.4925423264503479,
        0.5282009840011597,
        0.5133581757545471,
        0.4721326231956482,
        0.4901750087738037,
        0.5063419938087463,
        0.5474834442138672,
        0.5281968116760254,
        0.47261449694633484,
        0.5063468217849731,
        0.4546079635620117,
        0.5340592265129089,
        0.5336671471595764,
        0.5494588017463684,
        0.5004401803016663,
        0.5242857336997986,
        0.5038749575614929,
        0.5570718050003052,
        0.5259788036346436,
        0.5400664806365967,
        0.5194144248962402,
        0.5118911266326904,
        0.5777206420898438,
        0.5117117762565613,
        0.5477819442749023,
        0.5507324934005737
    ],
    "val_accuracy": [
        0.14380000531673431,
        0.37279999256134033,
        0.4027999937534332,
        0.5587999820709229,
        0.5759999752044678,
        0.6539000272750854,
        0.6610000133514404,
        0.6967999935150146,
        0.7228000164031982,
        0.7028999924659729,
        0.7387999892234802,
        0.7652999758720398,
        0.7750999927520752,
        0.7949000000953674,
        0.8015999794006348,
        0.8165000081062317,
        0.8057000041007996,
        0.803600013256073,
        0.8127999901771545,
        0.8197000026702881,
        0.8266000151634216,
        0.8216999769210815,
        0.836899995803833,
        0.8389999866485596,
        0.8385000228881836,
        0.8410000205039978,
        0.8442000150680542,
        0.8511999845504761,
        0.852400004863739,
        0.8546000123023987,
        0.8367999792098999,
        0.8562999963760376,
        0.8648999929428101,
        0.8557000160217285,
        0.8705000281333923,
        0.8549000024795532,
        0.8515999913215637,
        0.8592000007629395,
        0.8633999824523926,
        0.8640000224113464,
        0.8637999892234802,
        0.8582000136375427,
        0.867900013923645,
        0.8626000285148621,
        0.8711000084877014,
        0.8683000206947327,
        0.8654999732971191,
        0.871399998664856,
        0.8725000023841858,
        0.8687999844551086
    ]
}