{
    "loss": [
        1.5354490280151367,
        1.0388531684875488,
        0.8300977349281311,
        0.6515277028083801,
        0.5474116206169128,
        0.4731859862804413,
        0.4085310101509094,
        0.3412274718284607,
        0.29430222511291504,
        0.24935205280780792,
        0.20160675048828125,
        0.1660843789577484,
        0.1488916277885437,
        0.12726479768753052,
        0.12828516960144043,
        0.10454111546278,
        0.08152423053979874,
        0.06603220105171204,
        0.0651361420750618,
        0.06615360826253891,
        0.05919572710990906,
        0.050753287971019745,
        0.04894118010997772,
        0.05475321784615517,
        0.039138063788414,
        0.04576108232140541,
        0.042418401688337326,
        0.04057081416249275,
        0.05129962041974068,
        0.05401243269443512,
        0.05932869017124176,
        0.02221314050257206,
        0.030535288155078888,
        0.029201647266745567,
        0.029981408268213272,
        0.02778426744043827,
        0.027878111228346825,
        0.028971893712878227,
        0.02108181081712246,
        0.03052711859345436,
        0.01899009197950363,
        0.026803340762853622,
        0.028070436790585518,
        0.015713941305875778,
        0.025603532791137695,
        0.02271995134651661,
        0.020893625915050507,
        0.01795492134988308,
        0.02910269796848297,
        0.018009984865784645
    ],
    "accuracy": [
        0.4546400010585785,
        0.6354600191116333,
        0.7138199806213379,
        0.7765399813652039,
        0.8150200247764587,
        0.8385800123214722,
        0.860539972782135,
        0.8831999897956848,
        0.899399995803833,
        0.9155399799346924,
        0.9306600093841553,
        0.9430800080299377,
        0.9486600160598755,
        0.9557399749755859,
        0.9562199711799622,
        0.9649400115013123,
        0.9718999862670898,
        0.9775800108909607,
        0.9778000116348267,
        0.9775199890136719,
        0.9804199934005737,
        0.9830399751663208,
        0.9836999773979187,
        0.9815800189971924,
        0.9863399863243103,
        0.9850199818611145,
        0.9858599901199341,
        0.9870799779891968,
        0.9830399751663208,
        0.98225998878479,
        0.980239987373352,
        0.9925199747085571,
        0.9893199801445007,
        0.9905200004577637,
        0.9897800087928772,
        0.9905200004577637,
        0.9906399846076965,
        0.9907000064849854,
        0.9926599860191345,
        0.9896799921989441,
        0.9936400055885315,
        0.9910200238227844,
        0.9905200004577637,
        0.9950399994850159,
        0.9911999702453613,
        0.9924600124359131,
        0.9928600192070007,
        0.9940999746322632,
        0.9899600148200989,
        0.9942799806594849
    ],
    "val_loss": [
        1.6800785064697266,
        2.607851505279541,
        1.2317956686019897,
        0.7563334703445435,
        0.9034419059753418,
        0.6297110319137573,
        0.5749807357788086,
        0.8131866455078125,
        0.5933634638786316,
        0.5664772987365723,
        0.6539608240127563,
        0.5970044136047363,
        0.665081799030304,
        0.8327668905258179,
        0.7144821286201477,
        0.6974549889564514,
        0.661285936832428,
        0.670049786567688,
        0.7217657566070557,
        0.7247446179389954,
        0.698189377784729,
        0.7850772738456726,
        0.7646873593330383,
        0.7715878486633301,
        0.8150363564491272,
        0.7426527142524719,
        0.7766764760017395,
        0.7748461365699768,
        0.756060779094696,
        0.8877089023590088,
        0.7221739888191223,
        0.7997133731842041,
        0.8051327466964722,
        0.8349254131317139,
        0.7571350336074829,
        0.7583249807357788,
        0.7804785370826721,
        0.7961195111274719,
        0.761772096157074,
        0.7773480415344238,
        0.8309258818626404,
        0.7733593583106995,
        0.8239359259605408,
        0.8257772326469421,
        0.8284581303596497,
        0.785080075263977,
        0.7723038196563721,
        0.9379398226737976,
        0.8134768009185791,
        0.8123030066490173
    ],
    "val_accuracy": [
        0.4659999907016754,
        0.40950000286102295,
        0.6453999876976013,
        0.7552000284194946,
        0.7598000168800354,
        0.7936000227928162,
        0.8192999958992004,
        0.8065999746322632,
        0.815500020980835,
        0.8309000134468079,
        0.824999988079071,
        0.8248999714851379,
        0.8317000269889832,
        0.8151999711990356,
        0.8190000057220459,
        0.8310999870300293,
        0.8424999713897705,
        0.847599983215332,
        0.8402000069618225,
        0.8373000025749207,
        0.8385000228881836,
        0.828000009059906,
        0.8428000211715698,
        0.8300999999046326,
        0.8414000272750854,
        0.8431000113487244,
        0.8396999835968018,
        0.8382999897003174,
        0.833299994468689,
        0.8141000270843506,
        0.845300018787384,
        0.8508999943733215,
        0.8391000032424927,
        0.8406000137329102,
        0.8478999733924866,
        0.8503000140190125,
        0.8500999808311462,
        0.8492000102996826,
        0.8535000085830688,
        0.8464000225067139,
        0.8440999984741211,
        0.8460000157356262,
        0.8453999757766724,
        0.8463000059127808,
        0.8489999771118164,
        0.8554999828338623,
        0.8560000061988831,
        0.8393999934196472,
        0.8443999886512756,
        0.8526999950408936
    ]
}