{
    "loss": [
        1.5877097845077515,
        1.1499216556549072,
        0.9515484571456909,
        0.8308626413345337,
        0.7627483010292053,
        0.7041361927986145,
        0.6424721479415894,
        0.6081846356391907,
        0.5656407475471497,
        0.5352338552474976,
        0.511044442653656,
        0.481905460357666,
        0.45779332518577576,
        0.44045013189315796,
        0.41751328110694885,
        0.40055420994758606,
        0.3729081153869629,
        0.3582618832588196,
        0.3394605815410614,
        0.32460957765579224,
        0.31100621819496155,
        0.2922593057155609,
        0.2785264849662781,
        0.2669972777366638,
        0.24864111840724945,
        0.23976364731788635,
        0.23267626762390137,
        0.21572545170783997,
        0.20432280004024506,
        0.19028279185295105,
        0.18238651752471924,
        0.17555522918701172,
        0.16785602271556854,
        0.1527140885591507,
        0.14719533920288086,
        0.14342115819454193,
        0.1348729431629181,
        0.12751512229442596,
        0.12422845512628555,
        0.11929978430271149,
        0.11495683342218399,
        0.10921945422887802,
        0.10860012471675873,
        0.10271135717630386,
        0.09295898675918579,
        0.09217729419469833,
        0.09130723774433136,
        0.08720120042562485,
        0.08564627915620804,
        0.08770696073770523
    ],
    "accuracy": [
        0.42702001333236694,
        0.5965999960899353,
        0.66948002576828,
        0.7142400145530701,
        0.7366200089454651,
        0.7596200108528137,
        0.7796800136566162,
        0.7928199768066406,
        0.807699978351593,
        0.8182600140571594,
        0.8241999745368958,
        0.8344799876213074,
        0.843280017375946,
        0.8490999937057495,
        0.8581399917602539,
        0.863319993019104,
        0.8722000122070312,
        0.8778799772262573,
        0.8833600282669067,
        0.8898599743843079,
        0.8928599953651428,
        0.9005600214004517,
        0.9028000235557556,
        0.9079200029373169,
        0.914080023765564,
        0.9165800213813782,
        0.9198799729347229,
        0.9247599840164185,
        0.9284999966621399,
        0.9342600107192993,
        0.9359800219535828,
        0.9384999871253967,
        0.9413800239562988,
        0.9471200108528137,
        0.949400007724762,
        0.9505000114440918,
        0.9537799954414368,
        0.9556800127029419,
        0.9567800164222717,
        0.9580199718475342,
        0.960099995136261,
        0.9621000289916992,
        0.9626200199127197,
        0.9650800228118896,
        0.967739999294281,
        0.967519998550415,
        0.9684399962425232,
        0.9692400097846985,
        0.9700000286102295,
        0.9696400165557861
    ],
    "val_loss": [
        3.9101340770721436,
        2.315732002258301,
        1.0911084413528442,
        1.138000726699829,
        1.0055744647979736,
        0.7595124244689941,
        0.6628605723381042,
        0.7086547613143921,
        0.5947906374931335,
        0.5796938538551331,
        0.5872323513031006,
        0.5616471171379089,
        0.6148561835289001,
        0.5882444381713867,
        0.5542481541633606,
        0.4786098599433899,
        0.4514752924442291,
        0.47351324558258057,
        0.43828245997428894,
        0.46343907713890076,
        0.47482553124427795,
        0.45551615953445435,
        0.4479171931743622,
        0.4600834846496582,
        0.42709311842918396,
        0.44457122683525085,
        0.43329066038131714,
        0.46415814757347107,
        0.43699267506599426,
        0.46493202447891235,
        0.4676382839679718,
        0.4528266489505768,
        0.46621719002723694,
        0.44106751680374146,
        0.46882933378219604,
        0.4520622491836548,
        0.4664696753025055,
        0.4628908634185791,
        0.4553488790988922,
        0.4654290974140167,
        0.4756132960319519,
        0.4911671280860901,
        0.4839046895503998,
        0.4912506341934204,
        0.5365605354309082,
        0.5174944996833801,
        0.4927833378314972,
        0.4852326512336731,
        0.5066116452217102,
        0.4863011837005615
    ],
    "val_accuracy": [
        0.4165000021457672,
        0.5690000057220459,
        0.6753000020980835,
        0.6884999871253967,
        0.6991999745368958,
        0.7723000049591064,
        0.7883999943733215,
        0.774399995803833,
        0.8134999871253967,
        0.8141999840736389,
        0.8154000043869019,
        0.8251000046730042,
        0.8151999711990356,
        0.8131999969482422,
        0.826200008392334,
        0.8476999998092651,
        0.8536999821662903,
        0.8539999723434448,
        0.8651000261306763,
        0.8582000136375427,
        0.8515999913215637,
        0.8598999977111816,
        0.8632000088691711,
        0.8657000064849854,
        0.8704000115394592,
        0.8730000257492065,
        0.8694999814033508,
        0.8666999936103821,
        0.8741999864578247,
        0.8702999949455261,
        0.869700014591217,
        0.8769999742507935,
        0.8691999912261963,
        0.875,
        0.8761000037193298,
        0.8791999816894531,
        0.8758000135421753,
        0.8787999749183655,
        0.8833000063896179,
        0.8794999718666077,
        0.8799999952316284,
        0.8817999958992004,
        0.8830000162124634,
        0.8794000148773193,
        0.8744000196456909,
        0.879800021648407,
        0.8823999762535095,
        0.8822000026702881,
        0.8797000050544739,
        0.8831999897956848
    ]
}