{
    "loss": [
        1.6236313581466675,
        1.1581870317459106,
        0.9380418062210083,
        0.8362123370170593,
        0.7635071277618408,
        0.7120336890220642,
        0.665824830532074,
        0.6292059421539307,
        0.5960397720336914,
        0.5736385583877563,
        0.546030580997467,
        0.5194056034088135,
        0.5015745162963867,
        0.4740699529647827,
        0.4556317925453186,
        0.4312628507614136,
        0.4157492518424988,
        0.3947063982486725,
        0.3819425702095032,
        0.36533886194229126,
        0.34871944785118103,
        0.3327310085296631,
        0.3164897561073303,
        0.3076182007789612,
        0.2918110489845276,
        0.2703104317188263,
        0.2633645832538605,
        0.2471558004617691,
        0.23443761467933655,
        0.22821326553821564,
        0.21161223948001862,
        0.19938910007476807,
        0.19622156023979187,
        0.18458610773086548,
        0.17404277622699738,
        0.1661934107542038,
        0.1623764932155609,
        0.14884260296821594,
        0.15124750137329102,
        0.13702194392681122,
        0.13118109107017517,
        0.1222851499915123,
        0.1189083382487297,
        0.11543282121419907,
        0.11029226332902908,
        0.10413652658462524,
        0.09815364331007004,
        0.09657519310712814,
        0.09328862279653549,
        0.08848851919174194
    ],
    "accuracy": [
        0.40981999039649963,
        0.587939977645874,
        0.6707800030708313,
        0.7091000080108643,
        0.7371799945831299,
        0.7524799704551697,
        0.7718200087547302,
        0.7837200164794922,
        0.7967000007629395,
        0.8024600148200989,
        0.8116199970245361,
        0.823199987411499,
        0.8307999968528748,
        0.8389800190925598,
        0.8448799848556519,
        0.8516200184822083,
        0.8590599894523621,
        0.8664600253105164,
        0.8696799874305725,
        0.8738800287246704,
        0.8808000087738037,
        0.8860800266265869,
        0.8904799818992615,
        0.8937000036239624,
        0.8992999792098999,
        0.9070199728012085,
        0.9092199802398682,
        0.9144399762153625,
        0.9186599850654602,
        0.9207599759101868,
        0.926859974861145,
        0.9309399724006653,
        0.9311800003051758,
        0.9347000122070312,
        0.9388200044631958,
        0.9424800276756287,
        0.9432600140571594,
        0.9477599859237671,
        0.947700023651123,
        0.952239990234375,
        0.9537400007247925,
        0.9571800231933594,
        0.9583399891853333,
        0.9612799882888794,
        0.9613199830055237,
        0.9634400010108948,
        0.9665799736976624,
        0.9656000137329102,
        0.9671000242233276,
        0.9688599705696106
    ],
    "val_loss": [
        1.8104780912399292,
        1.4048148393630981,
        1.7784041166305542,
        1.0287516117095947,
        1.036173701286316,
        1.0146816968917847,
        0.7294363975524902,
        0.7143068909645081,
        0.656282365322113,
        0.6412190198898315,
        0.5953927040100098,
        0.605897068977356,
        0.571429967880249,
        0.5553339719772339,
        0.5433086156845093,
        0.5306203365325928,
        0.5351784229278564,
        0.48390650749206543,
        0.4701893925666809,
        0.4638475477695465,
        0.47614815831184387,
        0.5136677026748657,
        0.4609440863132477,
        0.45286136865615845,
        0.43399009108543396,
        0.45099788904190063,
        0.4351232349872589,
        0.4545854926109314,
        0.43100258708000183,
        0.41345956921577454,
        0.4297597110271454,
        0.4305928647518158,
        0.4256496727466583,
        0.43508148193359375,
        0.4644785225391388,
        0.45344024896621704,
        0.43578559160232544,
        0.4386283755302429,
        0.42275723814964294,
        0.43340733647346497,
        0.46338921785354614,
        0.46025753021240234,
        0.4908194839954376,
        0.5200610756874084,
        0.4839460551738739,
        0.49015697836875916,
        0.49893736839294434,
        0.47605395317077637,
        0.49406689405441284,
        0.4684104919433594
    ],
    "val_accuracy": [
        0.4113999903202057,
        0.609000027179718,
        0.5823000073432922,
        0.6886000037193298,
        0.7067999839782715,
        0.7164000272750854,
        0.7728999853134155,
        0.7803999781608582,
        0.7896999716758728,
        0.7985000014305115,
        0.8123000264167786,
        0.8083999752998352,
        0.8210999965667725,
        0.8206999897956848,
        0.828499972820282,
        0.8359000086784363,
        0.832099974155426,
        0.8489999771118164,
        0.8547000288963318,
        0.8546000123023987,
        0.8471999764442444,
        0.8425999879837036,
        0.8586999773979187,
        0.8587999939918518,
        0.8676000237464905,
        0.8666999936103821,
        0.8651999831199646,
        0.8687000274658203,
        0.8762000203132629,
        0.8751000165939331,
        0.8765000104904175,
        0.8780999779701233,
        0.8784000277519226,
        0.8783000111579895,
        0.8756999969482422,
        0.8740000128746033,
        0.8806999921798706,
        0.876800000667572,
        0.8851000070571899,
        0.8866000175476074,
        0.8741000294685364,
        0.8779000043869019,
        0.8784000277519226,
        0.8744000196456909,
        0.8801000118255615,
        0.8833000063896179,
        0.8773999810218811,
        0.8827999830245972,
        0.8808000087738037,
        0.8855999708175659
    ]
}