{
    "loss": [
        1.5215132236480713,
        1.0545276403427124,
        0.8484043478965759,
        0.7034937739372253,
        0.6098710298538208,
        0.530176043510437,
        0.49737417697906494,
        0.42991092801094055,
        0.37447547912597656,
        0.3372505009174347,
        0.30100253224372864,
        0.2700880467891693,
        0.2462504357099533,
        0.21816426515579224,
        0.19185975193977356,
        0.17423021793365479,
        0.15494510531425476,
        0.1427614986896515,
        0.12901055812835693,
        0.111149862408638,
        0.11284258961677551,
        0.09933773428201675,
        0.09169606119394302,
        0.08713982254266739,
        0.07675506919622421,
        0.07505017518997192,
        0.06809993088245392,
        0.07040074467658997,
        0.06367819011211395,
        0.05924040451645851,
        0.05830485001206398,
        0.054901812225580215,
        0.05462965369224548,
        0.058419253677129745,
        0.0449288971722126,
        0.047564633190631866,
        0.045925747603178024,
        0.04119756817817688,
        0.04553661495447159,
        0.041313979774713516,
        0.040850404649972916,
        0.03550511598587036,
        0.03743824362754822,
        0.038547713309526443,
        0.03473895043134689,
        0.030510658398270607,
        0.03496411815285683,
        0.03159017860889435,
        0.03318648785352707,
        0.030772030353546143
    ],
    "accuracy": [
        0.4510999917984009,
        0.6288800239562988,
        0.7077800035476685,
        0.7588199973106384,
        0.7918400168418884,
        0.8203399777412415,
        0.8317400217056274,
        0.8543999791145325,
        0.8720800280570984,
        0.8837599754333496,
        0.8964800238609314,
        0.9064199924468994,
        0.9159200191497803,
        0.9246000051498413,
        0.9335200190544128,
        0.9402400255203247,
        0.945580005645752,
        0.950760006904602,
        0.955560028553009,
        0.9611799716949463,
        0.9613400101661682,
        0.9661399722099304,
        0.9686200022697449,
        0.9700800180435181,
        0.9734399914741516,
        0.9741600155830383,
        0.9773200154304504,
        0.9760199785232544,
        0.9787399768829346,
        0.9799000024795532,
        0.9805600047111511,
        0.9815999865531921,
        0.9819999933242798,
        0.9797400236129761,
        0.9846400022506714,
        0.9836599826812744,
        0.9842600226402283,
        0.9860000014305115,
        0.9840199947357178,
        0.986519992351532,
        0.9857000112533569,
        0.9881200194358826,
        0.9873200058937073,
        0.9866600036621094,
        0.9885600209236145,
        0.9899200201034546,
        0.9882599711418152,
        0.9897000193595886,
        0.989359974861145,
        0.9900599718093872
    ],
    "val_loss": [
        2.0615668296813965,
        1.2305278778076172,
        2.1005876064300537,
        0.8049174547195435,
        0.7044261693954468,
        0.6781089305877686,
        0.5974788665771484,
        0.6084363460540771,
        0.5346301794052124,
        0.6391127705574036,
        0.5347303152084351,
        0.648167073726654,
        0.5552331805229187,
        0.5655442476272583,
        0.5628287196159363,
        0.6636222004890442,
        0.5737608075141907,
        0.6009286642074585,
        0.565493106842041,
        0.5708342790603638,
        0.6865270733833313,
        0.5962122082710266,
        0.6181344389915466,
        0.5910351276397705,
        0.6767455339431763,
        0.6594775319099426,
        0.6876240968704224,
        0.6096696257591248,
        0.6440492868423462,
        0.6797065138816833,
        0.6287100315093994,
        0.6795984506607056,
        0.6285474300384521,
        0.7648211121559143,
        0.7232716083526611,
        0.6481598019599915,
        0.6470593810081482,
        0.6703170537948608,
        0.6936688423156738,
        0.6687544584274292,
        0.6969196200370789,
        0.6502275466918945,
        0.6465729475021362,
        0.6951828002929688,
        0.6768914461135864,
        0.6886592507362366,
        0.7428827285766602,
        0.6710311770439148,
        0.6639705300331116,
        0.6752780675888062
    ],
    "val_accuracy": [
        0.42250001430511475,
        0.6150000095367432,
        0.6736000180244446,
        0.7455000281333923,
        0.7648000121116638,
        0.7821000218391418,
        0.8058000206947327,
        0.8015999794006348,
        0.8234999775886536,
        0.8070999979972839,
        0.8310999870300293,
        0.8119000196456909,
        0.8364999890327454,
        0.8379999995231628,
        0.8306999802589417,
        0.8238000273704529,
        0.8414000272750854,
        0.8367999792098999,
        0.8456000089645386,
        0.8496000170707703,
        0.8331000208854675,
        0.8539000153541565,
        0.849399983882904,
        0.8578000068664551,
        0.8468000292778015,
        0.8482999801635742,
        0.8414999842643738,
        0.8546000123023987,
        0.8522999882698059,
        0.8511999845504761,
        0.8593000173568726,
        0.8525999784469604,
        0.859000027179718,
        0.8306000232696533,
        0.8501999974250793,
        0.8582000136375427,
        0.8611000180244446,
        0.8557999730110168,
        0.8514000177383423,
        0.8546000123023987,
        0.8572999835014343,
        0.8679999709129333,
        0.866100013256073,
        0.863099992275238,
        0.85589998960495,
        0.864799976348877,
        0.8568000197410583,
        0.8676999807357788,
        0.8677999973297119,
        0.8652999997138977
    ]
}