{
    "loss": [
        1.7102360725402832,
        1.2810828685760498,
        1.0642226934432983,
        0.9092676639556885,
        0.80138099193573,
        0.7174674272537231,
        0.648120641708374,
        0.5857074856758118,
        0.5457701086997986,
        0.5103362202644348,
        0.46440866589546204,
        0.43998733162879944,
        0.40810859203338623,
        0.37987104058265686,
        0.35879555344581604,
        0.33901268243789673,
        0.3179805278778076,
        0.30075979232788086,
        0.2846137583255768,
        0.25956714153289795,
        0.2480449378490448,
        0.23329809308052063,
        0.21600455045700073,
        0.20739834010601044,
        0.19027064740657806,
        0.18130412697792053,
        0.1706811934709549,
        0.16434481739997864,
        0.15448619425296783,
        0.1488095074892044,
        0.13992872834205627,
        0.13265112042427063,
        0.12284748256206512,
        0.11923154443502426,
        0.11196816712617874,
        0.11018244177103043,
        0.10902713239192963,
        0.10052892565727234,
        0.09445542842149734,
        0.0935065746307373,
        0.0860019400715828,
        0.08449964970350266,
        0.08317997306585312,
        0.07766235619783401,
        0.07507705688476562,
        0.07576020807027817,
        0.07286707311868668,
        0.07230966538190842,
        0.06894226372241974,
        0.06661073863506317
    ],
    "accuracy": [
        0.3739199936389923,
        0.5410000085830688,
        0.6248400211334229,
        0.6827800273895264,
        0.7235199809074402,
        0.7521399855613708,
        0.7765399813652039,
        0.7993800044059753,
        0.811959981918335,
        0.8240600228309631,
        0.8400800228118896,
        0.8484200239181519,
        0.8606200218200684,
        0.8699399828910828,
        0.8779799938201904,
        0.8828799724578857,
        0.8895599842071533,
        0.8982200026512146,
        0.9025800228118896,
        0.9106400012969971,
        0.91566002368927,
        0.9193199872970581,
        0.9261800050735474,
        0.9297000169754028,
        0.9333999752998352,
        0.9367799758911133,
        0.9409400224685669,
        0.9438400268554688,
        0.9469000101089478,
        0.9496200084686279,
        0.9514200091362,
        0.9531599879264832,
        0.9579399824142456,
        0.9586799740791321,
        0.961359977722168,
        0.9611200094223022,
        0.963379979133606,
        0.9657400250434875,
        0.9678000211715698,
        0.9675400257110596,
        0.9699599742889404,
        0.9710000157356262,
        0.972100019454956,
        0.9730200171470642,
        0.9753199815750122,
        0.974560022354126,
        0.9752200245857239,
        0.9749799966812134,
        0.9767000079154968,
        0.9775999784469604
    ],
    "val_loss": [
        3.275078058242798,
        1.7621699571609497,
        1.5796760320663452,
        0.9756229519844055,
        1.0839731693267822,
        1.039506435394287,
        0.7499810457229614,
        0.6425857543945312,
        0.7909860610961914,
        0.5861361622810364,
        0.5823678374290466,
        0.6091023087501526,
        0.5501423478126526,
        0.5925289392471313,
        0.5760956406593323,
        0.5254566669464111,
        0.49911728501319885,
        0.46582138538360596,
        0.5387721061706543,
        0.4539879262447357,
        0.45852577686309814,
        0.44658100605010986,
        0.5004657506942749,
        0.45942196249961853,
        0.4795624911785126,
        0.4797877073287964,
        0.4748225212097168,
        0.4846993684768677,
        0.47222012281417847,
        0.5427951216697693,
        0.47975102066993713,
        0.47959911823272705,
        0.4936333894729614,
        0.5713788866996765,
        0.47005385160446167,
        0.52522873878479,
        0.5007873773574829,
        0.5511415600776672,
        0.5027727484703064,
        0.5161935687065125,
        0.5229651927947998,
        0.5175123810768127,
        0.49815043807029724,
        0.4847676157951355,
        0.5228115320205688,
        0.5085756778717041,
        0.5078864693641663,
        0.556877613067627,
        0.5457265377044678,
        0.5054009556770325
    ],
    "val_accuracy": [
        0.31619998812675476,
        0.5231999754905701,
        0.5849999785423279,
        0.6845999956130981,
        0.6913999915122986,
        0.6899999976158142,
        0.7615000009536743,
        0.7882000207901001,
        0.7689999938011169,
        0.8111000061035156,
        0.8187999725341797,
        0.8054999709129333,
        0.8215000033378601,
        0.8098000288009644,
        0.8224999904632568,
        0.838699996471405,
        0.8424000144004822,
        0.8561999797821045,
        0.8432999849319458,
        0.861299991607666,
        0.8604000210762024,
        0.8637999892234802,
        0.8544999957084656,
        0.8675000071525574,
        0.8601999878883362,
        0.8650000095367432,
        0.8683000206947327,
        0.861299991607666,
        0.8683000206947327,
        0.8568000197410583,
        0.8664000034332275,
        0.8705000281333923,
        0.8722000122070312,
        0.8596000075340271,
        0.8779000043869019,
        0.8669999837875366,
        0.8738999962806702,
        0.8662999868392944,
        0.875,
        0.8733000159263611,
        0.8769999742507935,
        0.8723999857902527,
        0.8822000026702881,
        0.8734999895095825,
        0.8784999847412109,
        0.8830999732017517,
        0.8808000087738037,
        0.8711000084877014,
        0.8727999925613403,
        0.8827000260353088
    ]
}