{
    "loss": [
        1.9329537153244019,
        1.5289331674575806,
        1.308486819267273,
        1.1468533277511597,
        1.032500982284546,
        0.9417062401771545,
        0.8591922521591187,
        0.8069943189620972,
        0.7532442212104797,
        0.6973870992660522,
        0.6586346626281738,
        0.6296425461769104,
        0.5945432186126709,
        0.559699296951294,
        0.5356178283691406,
        0.5124531388282776,
        0.4953767955303192,
        0.47213953733444214,
        0.4535895586013794,
        0.43317773938179016,
        0.4190208613872528,
        0.4072490930557251,
        0.3884690999984741,
        0.3769962191581726,
        0.3620181381702423,
        0.35006222128868103,
        0.34068503975868225,
        0.3274496793746948,
        0.31717562675476074,
        0.30802544951438904,
        0.29964372515678406,
        0.29488691687583923,
        0.28398799896240234,
        0.27381449937820435,
        0.266828715801239,
        0.2603696286678314,
        0.24955546855926514,
        0.24080845713615417,
        0.2371273636817932,
        0.22877302765846252,
        0.22292299568653107,
        0.22004275023937225,
        0.21003484725952148,
        0.2097492516040802,
        0.20026136934757233,
        0.1947217434644699,
        0.1919679492712021,
        0.1892363429069519,
        0.18288934230804443,
        0.17935918271541595
    ],
    "accuracy": [
        0.28016000986099243,
        0.43248000741004944,
        0.5252000093460083,
        0.5851799845695496,
        0.6307200193405151,
        0.6669999957084656,
        0.698140025138855,
        0.7192599773406982,
        0.7373600006103516,
        0.7584800124168396,
        0.7723399996757507,
        0.782480001449585,
        0.7958999872207642,
        0.8079000115394592,
        0.8167999982833862,
        0.826200008392334,
        0.8331599831581116,
        0.8384400010108948,
        0.8457800149917603,
        0.8519200086593628,
        0.8577600121498108,
        0.8604400157928467,
        0.8672199845314026,
        0.8725399971008301,
        0.8764200210571289,
        0.880020022392273,
        0.8831200003623962,
        0.8882399797439575,
        0.890500009059906,
        0.8939200043678284,
        0.8964599967002869,
        0.8998000025749207,
        0.9009799957275391,
        0.9055399894714355,
        0.9069399833679199,
        0.9101399779319763,
        0.9137200117111206,
        0.9163399934768677,
        0.9172400236129761,
        0.9210399985313416,
        0.9230999946594238,
        0.9235000014305115,
        0.9271199703216553,
        0.9273599982261658,
        0.9312000274658203,
        0.9329000115394592,
        0.9321799874305725,
        0.9339200258255005,
        0.9357799887657166,
        0.9376400113105774
    ],
    "val_loss": [
        2.9982402324676514,
        4.3544416427612305,
        1.6247726678848267,
        1.284008264541626,
        1.0411653518676758,
        1.160454273223877,
        0.9296473860740662,
        1.2253386974334717,
        0.7876445055007935,
        0.8109447956085205,
        0.8251441121101379,
        0.6672189831733704,
        0.6643040180206299,
        0.6475879549980164,
        0.6150779724121094,
        0.665273904800415,
        0.5916936993598938,
        0.6023329496383667,
        0.565915048122406,
        0.5177628993988037,
        0.5194130539894104,
        0.544580340385437,
        0.5616310834884644,
        0.4807283282279968,
        0.5449881553649902,
        0.48707422614097595,
        0.5751951336860657,
        0.5116655230522156,
        0.5125300884246826,
        0.45285946130752563,
        0.5276660919189453,
        0.4873700737953186,
        0.46968579292297363,
        0.4611665606498718,
        0.49784013628959656,
        0.4722810685634613,
        0.47173261642456055,
        0.4509578049182892,
        0.4591823220252991,
        0.4757174849510193,
        0.46099361777305603,
        0.47175389528274536,
        0.47176626324653625,
        0.49611181020736694,
        0.4729112386703491,
        0.47656217217445374,
        0.49960410594940186,
        0.47807201743125916,
        0.48654410243034363,
        0.4854048788547516
    ],
    "val_accuracy": [
        0.24789999425411224,
        0.36970001459121704,
        0.5054000020027161,
        0.5819000005722046,
        0.6503000259399414,
        0.6510999798774719,
        0.6951000094413757,
        0.6241000294685364,
        0.7429999709129333,
        0.7469000220298767,
        0.7415000200271606,
        0.784500002861023,
        0.7838000059127808,
        0.7978000044822693,
        0.7978000044822693,
        0.7910000085830688,
        0.8162999749183655,
        0.8126999735832214,
        0.8274999856948853,
        0.8355000019073486,
        0.8302000164985657,
        0.8274999856948853,
        0.8277999758720398,
        0.8449000120162964,
        0.8399999737739563,
        0.8431000113487244,
        0.833899974822998,
        0.8482000231742859,
        0.8475000262260437,
        0.86080002784729,
        0.8411999940872192,
        0.8522999882698059,
        0.857200026512146,
        0.8641999959945679,
        0.8529999852180481,
        0.8601999878883362,
        0.8592000007629395,
        0.8665000200271606,
        0.8701000213623047,
        0.8654999732971191,
        0.8683000206947327,
        0.8705000281333923,
        0.8709999918937683,
        0.8615000247955322,
        0.8694000244140625,
        0.8672999739646912,
        0.8626000285148621,
        0.8697999715805054,
        0.8690000176429749,
        0.8671000003814697
    ]
}